[{
  "_id": {
    "$oid": "6568641cb3631b731ca21207"
  },
  "Value": "c3b69131-2931-4f67-926e-b244e18e8081",
  "Text": "An ninh quốc gia",
  "STT": "1"
},
{
  "_id": {
    "$oid": "6568641cb3631b731ca21208"
  },
  "Value": "5576c952-dabe-4363-b94a-13419996ff4b",
  "Text": "Bảo hiểm",
  "STT": "2"
},
{
  "_id": {
    "$oid": "6568641cb3631b731ca21209"
  },
  "Value": "c124612e-a23f-4199-8747-55fe4e8a8c89",
  "Text": "Bưu chính, viễn thông",
  "STT": "3"
},
{
  "_id": {
    "$oid": "6568641cb3631b731ca2120a"
  },
  "Value": "e967223c-d26a-4c7f-a8d9-420843bd5bf9",
  "Text": "Bổ trợ tư pháp",
  "STT": "4"
},
{
  "_id": {
    "$oid": "6568641cb3631b731ca2120b"
  },
  "Value": "cb5c6841-2c38-48ca-b946-da24c8d8a099",
  "Text": "Cán bộ, công chức, viên chức",
  "STT": "5"
},
{
  "_id": {
    "$oid": "6568641cb3631b731ca2120c"
  },
  "Value": "e4b6a170-8415-42a5-9ee2-f8eb147f5d15",
  "Text": "Chính sách xã hội",
  "STT": "6"
},
{
  "_id": {
    "$oid": "6568641cb3631b731ca2120d"
  },
  "Value": "3a225bc6-c8c9-459e-967e-9876d4eb2c33",
  "Text": "Công nghiệp",
  "STT": "7"
},
{
  "_id": {
    "$oid": "6568641cb3631b731ca2120e"
  },
  "Value": "efbefb52-bf45-41df-aaf4-6a4e833f333e",
  "Text": "Dân số, gia đình, trẻ em, bình đẳng giới",
  "STT": "8"
},
{
  "_id": {
    "$oid": "6568641cb3631b731ca2120f"
  },
  "Value": "8545ecbc-f0ce-44aa-83d6-c43d056f63f2",
  "Text": "Dân sự",
  "STT": "9"
},
{
  "_id": {
    "$oid": "6568641cb3631b731ca21210"
  },
  "Value": "a6ee2d1a-2edc-4c30-bff5-81efbd765464",
  "Text": "Dân tộc",
  "STT": "10"
},
{
  "_id": {
    "$oid": "6568641cb3631b731ca21211"
  },
  "Value": "b64f0e6a-3020-4c4a-be45-a1e5370a0939",
  "Text": "Đất đai",
  "STT": "11"
},
{
  "_id": {
    "$oid": "6568641cb3631b731ca21212"
  },
  "Value": "8e485a16-50aa-4c80-9fbe-3b286287f8c1",
  "Text": "Doanh nghiệp, hợp tác xã",
  "STT": "12"
},
{
  "_id": {
    "$oid": "6568641cb3631b731ca21213"
  },
  "Value": "0fb2411e-095b-4095-bbbe-fb8465ec4199",
  "Text": "Giáo dục, đào tạo",
  "STT": "13"
},
{
  "_id": {
    "$oid": "6568641cb3631b731ca21214"
  },
  "Value": "b82ee309-2527-4a7d-8d4d-fccdfabbc86c",
  "Text": "Giao thông, vận tải",
  "STT": "14"
},
{
  "_id": {
    "$oid": "6568641cb3631b731ca21215"
  },
  "Value": "a5b5fa2d-056c-48c4-b6fc-c782359511ff",
  "Text": "Hành chính tư pháp",
  "STT": "15"
},
{
  "_id": {
    "$oid": "6568641cb3631b731ca21216"
  },
  "Value": "0672ce80-caa2-4d12-a474-6d86349c9dab",
  "Text": "Hình sự",
  "STT": "16"
},
{
  "_id": {
    "$oid": "6568641cb3631b731ca21217"
  },
  "Value": "9daf2b7f-cf24-4c97-adf8-0903f6b7f18e",
  "Text": "Kế toán, kiểm toán",
  "STT": "17"
},
{
  "_id": {
    "$oid": "6568641cb3631b731ca21218"
  },
  "Value": "ff58c8ec-ab1b-4fdd-b732-5f09f9fa09cd",
  "Text": "Khiếu nại, tố cáo",
  "STT": "18"
},
{
  "_id": {
    "$oid": "6568641cb3631b731ca21219"
  },
  "Value": "3f0ce861-9980-43c9-9dcc-8e064c536bee",
  "Text": "Khoa học, công nghệ",
  "STT": "19"
},
{
  "_id": {
    "$oid": "6568641cb3631b731ca2121a"
  },
  "Value": "ed53d710-e3ae-4741-abc7-0f5dd82dec24",
  "Text": "Lao động",
  "STT": "20"
},
{
  "_id": {
    "$oid": "6568641cb3631b731ca2121b"
  },
  "Value": "1657cd3c-c513-4df5-ae6b-e39a778c640d",
  "Text": "Môi trường",
  "STT": "21"
},
{
  "_id": {
    "$oid": "6568641cb3631b731ca2121c"
  },
  "Value": "0f8741e9-b3d2-488b-aa70-961ccc802227",
  "Text": "Ngân hàng, tiền tệ",
  "STT": "22"
},
{
  "_id": {
    "$oid": "6568641cb3631b731ca2121d"
  },
  "Value": "6db952fa-b9dd-41f7-adf5-ccb22100ac9c",
  "Text": "Ngoại giao, điều ước quốc tế",
  "STT": "23"
},
{
  "_id": {
    "$oid": "6568641cb3631b731ca2121e"
  },
  "Value": "81215563-6346-448e-bded-2933f86276bb",
  "Text": "Nông nghiệp, nông thôn",
  "STT": "24"
},
{
  "_id": {
    "$oid": "6568641cb3631b731ca2121f"
  },
  "Value": "859b54fa-0c05-4807-a50c-c8be82fcae62",
  "Text": "Quốc phòng",
  "STT": "25"
},
{
  "_id": {
    "$oid": "6568641cb3631b731ca21220"
  },
  "Value": "7a9dcc15-370d-40b4-a02b-28e583b25dbf",
  "Text": "Tài chính",
  "STT": "26"
},
{
  "_id": {
    "$oid": "6568641cb3631b731ca21221"
  },
  "Value": "c054141c-d30c-4e83-9f35-2fb1c61c6e7c",
  "Text": "Tài nguyên",
  "STT": "27"
},
{
  "_id": {
    "$oid": "6568641cb3631b731ca21222"
  },
  "Value": "1afcaf4b-85cb-4039-8627-3a8a101a7e5b",
  "Text": "Tài sản công, nợ công, dự trữ nhà nước",
  "STT": "28"
},
{
  "_id": {
    "$oid": "6568641cb3631b731ca21223"
  },
  "Value": "c7ee2251-ddf9-4c7a-88f8-a9568fad0247",
  "Text": "Thi đua, khen thưởng, các danh hiệu vinh dự nhà nước",
  "STT": "29"
},
{
  "_id": {
    "$oid": "6568641cb3631b731ca21224"
  },
  "Value": "88a4972a-48c2-4def-926b-a71b9f6e4be7",
  "Text": "Thi hành án",
  "STT": "30"
},
{
  "_id": {
    "$oid": "6568641cb3631b731ca21225"
  },
  "Value": "ee961e69-7a8d-4405-8fe6-ecdf7e44323f",
  "Text": "Thống kê",
  "STT": "31"
},
{
  "_id": {
    "$oid": "6568641cb3631b731ca21226"
  },
  "Value": "73b6a37d-b55b-443d-b0fd-8f7d1b215ca1",
  "Text": "Thông tin, báo chí, xuất bản",
  "STT": "32"
},
{
  "_id": {
    "$oid": "6568641cb3631b731ca21227"
  },
  "Value": "09ca05d1-7f1d-4887-a65d-a210374d1969",
  "Text": "Thuế, phí, lệ phí, các khoản thu khác",
  "STT": "33"
},
{
  "_id": {
    "$oid": "6568641cb3631b731ca21228"
  },
  "Value": "717625a2-281b-4307-b21b-68b1c73d2207",
  "Text": "Thương mại, đầu tư, chứng khoán",
  "STT": "34"
},
{
  "_id": {
    "$oid": "6568641cb3631b731ca21229"
  },
  "Value": "3fc1ee9d-eec6-4839-9c98-7ac2ca9e0792",
  "Text": "Tổ chức bộ máy nhà nước",
  "STT": "35"
},
{
  "_id": {
    "$oid": "6568641cb3631b731ca2122a"
  },
  "Value": "ce9b9ff4-87dd-44d1-add8-27c1ec82d856",
  "Text": "Tổ chức chính trị - xã hội, hội",
  "STT": "36"
},
{
  "_id": {
    "$oid": "6568641cb3631b731ca2122b"
  },
  "Value": "cef09501-9f71-4c9a-aa35-238ea8c79f76",
  "Text": "Tố tụng và các phương thức giải quyết tranh chấp",
  "STT": "37"
},
{
  "_id": {
    "$oid": "6568641cb3631b731ca2122c"
  },
  "Value": "48d084d9-d3f1-4c13-a898-dde6840fe0ff",
  "Text": "Tôn giáo, tín ngưỡng",
  "STT": "38"
},
{
  "_id": {
    "$oid": "6568641cb3631b731ca2122d"
  },
  "Value": "965fd0b7-e8b0-434a-83c2-9f9b2b4fbcba",
  "Text": "Trật tự, an toàn xã hội",
  "STT": "39"
},
{
  "_id": {
    "$oid": "6568641cb3631b731ca2122e"
  },
  "Value": "01684735-cbae-4b6f-9471-1010ab2f350a",
  "Text": "Tương trợ tư pháp",
  "STT": "40"
},
{
  "_id": {
    "$oid": "6568641cb3631b731ca2122f"
  },
  "Value": "487180ab-07c0-45c1-9e73-1ab76b2a55c9",
  "Text": "Văn hóa, thể thao, du lịch",
  "STT": "41"
},
{
  "_id": {
    "$oid": "6568641cb3631b731ca21230"
  },
  "Value": "1c1f149f-f1bf-4ddb-9f6b-b2adbf17d410",
  "Text": "Văn thư lưu trữ",
  "STT": "42"
},
{
  "_id": {
    "$oid": "6568641cb3631b731ca21231"
  },
  "Value": "11a7e159-46bf-48bf-93ec-4e415f84c678",
  "Text": "Xây dựng, nhà ở, đô thị",
  "STT": "43"
},
{
  "_id": {
    "$oid": "6568641cb3631b731ca21232"
  },
  "Value": "ec61c177-8f68-4a69-a42b-2257d599d907",
  "Text": "Xây dựng pháp luật và thi hành pháp luật",
  "STT": "44"
},
{
  "_id": {
    "$oid": "6568641cb3631b731ca21233"
  },
  "Value": "607817d9-0840-4986-b41f-5f3e9ae650c2",
  "Text": "Y tế, dược",
  "STT": "45"
}]